product.partNumber,location.locationIdentifier,startDate,duration,planParentType,planType,quantity,quantityUnits,planningCycle,source,sourceLink
CO-AM-S185,LT-2,06-08-2021,1,OPEN_ORDER,OUTBOUND,158,EA,,ERP,http://lighttree.com/CO-AM-S185
CO-AM-S185,LT-2,10-08-2021,1,OPEN_ORDER,OUTBOUND,344,EA,,ERP,http://lighttree.com/CO-AM-S185
CO-AM-S185,LT-2,11-08-2021,1,OPEN_ORDER,OUTBOUND,92,EA,,ERP,http://lighttree.com/CO-AM-S185
CO-AM-S393,LT-2,06-08-2021,1,OPEN_ORDER,OUTBOUND,189,EA,,ERP,http://lighttree.com/CO-AM-S393
CO-AM-S393,LT-2,10-08-2021,1,OPEN_ORDER,OUTBOUND,348,EA,,ERP,http://lighttree.com/CO-AM-S393
CO-AM-S393,LT-2,11-08-2021,1,OPEN_ORDER,OUTBOUND,153,EA,,ERP,http://lighttree.com/CO-AM-S393
CO-CO-M328,LT-2,06-08-2021,1,OPEN_ORDER,OUTBOUND,149,EA,,ERP,http://lighttree.com/CO-CO-M328
CO-CO-M328,LT-2,10-08-2021,1,OPEN_ORDER,OUTBOUND,54,EA,,ERP,http://lighttree.com/CO-CO-M328
CO-CO-M328,LT-2,11-08-2021,1,OPEN_ORDER,OUTBOUND,259,EA,,ERP,http://lighttree.com/CO-CO-M328
CO-DL-A230,LT-2,06-08-2021,1,OPEN_ORDER,OUTBOUND,98,EA,,ERP,http://lighttree.com/CO-DL-A230
CO-DL-A239,LT-2,06-08-2021,1,OPEN_ORDER,OUTBOUND,171,EA,,ERP,http://lighttree.com/CO-DL-A239
CO-DL-A239,LT-2,10-08-2021,1,OPEN_ORDER,OUTBOUND,75,EA,,ERP,http://lighttree.com/CO-DL-A239
CO-DL-A239,LT-2,11-08-2021,1,OPEN_ORDER,OUTBOUND,154,EA,,ERP,http://lighttree.com/CO-DL-A239
CO-DL-T316,LT-2,06-08-2021,1,OPEN_ORDER,OUTBOUND,249,EA,,ERP,http://lighttree.com/CO-DL-T316
CO-DL-T316,LT-2,10-08-2021,1,OPEN_ORDER,OUTBOUND,137,EA,,ERP,http://lighttree.com/CO-DL-T316
CO-DL-T316,LT-2,11-08-2021,1,OPEN_ORDER,OUTBOUND,151,EA,,ERP,http://lighttree.com/CO-DL-T316
CO-RD-I380,LT-2,11-08-2021,1,OPEN_ORDER,OUTBOUND,61,EA,,ERP,http://lighttree.com/CO-RD-I380
CO-RD-R296,LT-2,11-08-2021,1,OPEN_ORDER,OUTBOUND,98,EA,,ERP,http://lighttree.com/CO-RD-R296
CO-RD-S282,LT-2,11-08-2021,1,OPEN_ORDER,OUTBOUND,53,EA,,ERP,http://lighttree.com/CO-RD-S282
CO-RD-S282,LT-2,01-08-2021,1,PLAN,OUTBOUND,35,EA,2Q2021,ERP,http://lighttree.com/CO-RD-S282
CO-RD-S282,LT-2,02-08-2021,1,PLAN,OUTBOUND,35,EA,2Q2021,ERP,http://lighttree.com/CO-RD-S282
CO-RD-S282,LT-2,03-08-2021,1,PLAN,OUTBOUND,35,EA,2Q2021,ERP,http://lighttree.com/CO-RD-S282
CO-RD-S282,LT-2,04-08-2021,1,PLAN,OUTBOUND,35,EA,2Q2021,ERP,http://lighttree.com/CO-RD-S282
CO-RD-S282,LT-2,05-08-2021,1,PLAN,OUTBOUND,35,EA,2Q2021,ERP,http://lighttree.com/CO-RD-S282
CO-RD-S282,LT-2,06-08-2021,1,PLAN,OUTBOUND,35,EA,2Q2021,ERP,http://lighttree.com/CO-RD-S282
CO-RD-S282,LT-2,07-08-2021,1,PLAN,OUTBOUND,35,EA,2Q2021,ERP,http://lighttree.com/CO-RD-S282
CO-RD-S282,LT-2,08-08-2021,1,PLAN,OUTBOUND,35,EA,2Q2021,ERP,http://lighttree.com/CO-RD-S282
CO-RD-S282,LT-2,09-08-2021,1,PLAN,OUTBOUND,35,EA,2Q2021,ERP,http://lighttree.com/CO-RD-S282
CO-RD-S282,LT-2,10-08-2021,1,PLAN,OUTBOUND,35,EA,2Q2021,ERP,http://lighttree.com/CO-RD-S282
CO-RD-S282,LT-2,11-08-2021,1,PLAN,OUTBOUND,35,EA,2Q2021,ERP,http://lighttree.com/CO-RD-S282
CO-RD-S282,LT-2,12-08-2021,1,PLAN,OUTBOUND,35,EA,2Q2021,ERP,http://lighttree.com/CO-RD-S282
CO-RD-S282,LT-2,13-08-2021,1,PLAN,OUTBOUND,35,EA,2Q2021,ERP,http://lighttree.com/CO-RD-S282
CO-RD-S282,LT-2,14-08-2021,1,PLAN,OUTBOUND,35,EA,2Q2021,ERP,http://lighttree.com/CO-RD-S282
CO-RD-S282,LT-2,15-08-2021,1,PLAN,OUTBOUND,35,EA,2Q2021,ERP,http://lighttree.com/CO-RD-S282
CO-RD-S282,LT-2,16-08-2021,1,PLAN,OUTBOUND,35,EA,2Q2021,ERP,http://lighttree.com/CO-RD-S282
CO-RD-S282,LT-2,17-08-2021,1,PLAN,OUTBOUND,35,EA,2Q2021,ERP,http://lighttree.com/CO-RD-S282
CO-RD-S282,LT-2,18-08-2021,1,PLAN,OUTBOUND,35,EA,2Q2021,ERP,http://lighttree.com/CO-RD-S282
CO-RD-S282,LT-2,19-08-2021,1,PLAN,OUTBOUND,35,EA,2Q2021,ERP,http://lighttree.com/CO-RD-S282
CO-RD-S282,LT-2,20-08-2021,1,PLAN,OUTBOUND,35,EA,2Q2021,ERP,http://lighttree.com/CO-RD-S282
CO-RD-S282,LT-2,21-08-2021,1,PLAN,OUTBOUND,35,EA,2Q2021,ERP,http://lighttree.com/CO-RD-S282
CO-RD-S282,LT-2,22-08-2021,1,PLAN,OUTBOUND,35,EA,2Q2021,ERP,http://lighttree.com/CO-RD-S282
CO-RD-S282,LT-2,23-08-2021,1,PLAN,OUTBOUND,35,EA,2Q2021,ERP,http://lighttree.com/CO-RD-S282
CO-RD-S282,LT-2,24-08-2021,1,PLAN,OUTBOUND,35,EA,2Q2021,ERP,http://lighttree.com/CO-RD-S282
CO-RD-S282,LT-2,25-08-2021,1,PLAN,OUTBOUND,35,EA,2Q2021,ERP,http://lighttree.com/CO-RD-S282
CO-RD-S282,LT-2,26-08-2021,1,PLAN,OUTBOUND,35,EA,2Q2021,ERP,http://lighttree.com/CO-RD-S282
CO-RD-S282,LT-2,27-08-2021,1,PLAN,OUTBOUND,35,EA,2Q2021,ERP,http://lighttree.com/CO-RD-S282
CO-RD-S282,LT-2,28-08-2021,1,PLAN,OUTBOUND,35,EA,2Q2021,ERP,http://lighttree.com/CO-RD-S282
CO-RD-S282,LT-2,29-08-2021,1,PLAN,OUTBOUND,35,EA,2Q2021,ERP,http://lighttree.com/CO-RD-S282
CO-RD-S282,LT-2,30-08-2021,1,PLAN,OUTBOUND,35,EA,2Q2021,ERP,http://lighttree.com/CO-RD-S282
CO-RD-S282,LT-2,31-08-2021,1,PLAN,OUTBOUND,35,EA,2Q2021,ERP,http://lighttree.com/CO-RD-S282
CO-RD-R296,LT-2,01-08-2021,1,PLAN,OUTBOUND,35,EA,2Q2021,ERP,http://lighttree.com/CO-RD-R296
CO-RD-R296,LT-2,02-08-2021,1,PLAN,OUTBOUND,35,EA,2Q2021,ERP,http://lighttree.com/CO-RD-R296
CO-RD-R296,LT-2,03-08-2021,1,PLAN,OUTBOUND,35,EA,2Q2021,ERP,http://lighttree.com/CO-RD-R296
CO-RD-R296,LT-2,04-08-2021,1,PLAN,OUTBOUND,35,EA,2Q2021,ERP,http://lighttree.com/CO-RD-R296
CO-RD-R296,LT-2,05-08-2021,1,PLAN,OUTBOUND,35,EA,2Q2021,ERP,http://lighttree.com/CO-RD-R296
CO-RD-R296,LT-2,06-08-2021,1,PLAN,OUTBOUND,35,EA,2Q2021,ERP,http://lighttree.com/CO-RD-R296
CO-RD-R296,LT-2,07-08-2021,1,PLAN,OUTBOUND,35,EA,2Q2021,ERP,http://lighttree.com/CO-RD-R296
CO-RD-R296,LT-2,08-08-2021,1,PLAN,OUTBOUND,35,EA,2Q2021,ERP,http://lighttree.com/CO-RD-R296
CO-RD-R296,LT-2,09-08-2021,1,PLAN,OUTBOUND,35,EA,2Q2021,ERP,http://lighttree.com/CO-RD-R296
CO-RD-R296,LT-2,10-08-2021,1,PLAN,OUTBOUND,35,EA,2Q2021,ERP,http://lighttree.com/CO-RD-R296
CO-RD-R296,LT-2,11-08-2021,1,PLAN,OUTBOUND,35,EA,2Q2021,ERP,http://lighttree.com/CO-RD-R296
CO-RD-R296,LT-2,12-08-2021,1,PLAN,OUTBOUND,35,EA,2Q2021,ERP,http://lighttree.com/CO-RD-R296
CO-RD-R296,LT-2,13-08-2021,1,PLAN,OUTBOUND,35,EA,2Q2021,ERP,http://lighttree.com/CO-RD-R296
CO-RD-R296,LT-2,14-08-2021,1,PLAN,OUTBOUND,35,EA,2Q2021,ERP,http://lighttree.com/CO-RD-R296
CO-RD-R296,LT-2,15-08-2021,1,PLAN,OUTBOUND,35,EA,2Q2021,ERP,http://lighttree.com/CO-RD-R296
CO-RD-R296,LT-2,16-08-2021,1,PLAN,OUTBOUND,35,EA,2Q2021,ERP,http://lighttree.com/CO-RD-R296
CO-RD-R296,LT-2,17-08-2021,1,PLAN,OUTBOUND,35,EA,2Q2021,ERP,http://lighttree.com/CO-RD-R296
CO-RD-R296,LT-2,18-08-2021,1,PLAN,OUTBOUND,35,EA,2Q2021,ERP,http://lighttree.com/CO-RD-R296
CO-RD-R296,LT-2,19-08-2021,1,PLAN,OUTBOUND,35,EA,2Q2021,ERP,http://lighttree.com/CO-RD-R296
CO-RD-R296,LT-2,20-08-2021,1,PLAN,OUTBOUND,35,EA,2Q2021,ERP,http://lighttree.com/CO-RD-R296
CO-RD-R296,LT-2,21-08-2021,1,PLAN,OUTBOUND,35,EA,2Q2021,ERP,http://lighttree.com/CO-RD-R296
CO-RD-R296,LT-2,22-08-2021,1,PLAN,OUTBOUND,35,EA,2Q2021,ERP,http://lighttree.com/CO-RD-R296
CO-RD-R296,LT-2,23-08-2021,1,PLAN,OUTBOUND,35,EA,2Q2021,ERP,http://lighttree.com/CO-RD-R296
CO-RD-R296,LT-2,24-08-2021,1,PLAN,OUTBOUND,35,EA,2Q2021,ERP,http://lighttree.com/CO-RD-R296
CO-RD-R296,LT-2,25-08-2021,1,PLAN,OUTBOUND,35,EA,2Q2021,ERP,http://lighttree.com/CO-RD-R296
CO-RD-R296,LT-2,26-08-2021,1,PLAN,OUTBOUND,35,EA,2Q2021,ERP,http://lighttree.com/CO-RD-R296
CO-RD-R296,LT-2,27-08-2021,1,PLAN,OUTBOUND,35,EA,2Q2021,ERP,http://lighttree.com/CO-RD-R296
CO-RD-R296,LT-2,28-08-2021,1,PLAN,OUTBOUND,35,EA,2Q2021,ERP,http://lighttree.com/CO-RD-R296
CO-RD-R296,LT-2,29-08-2021,1,PLAN,OUTBOUND,35,EA,2Q2021,ERP,http://lighttree.com/CO-RD-R296
CO-RD-R296,LT-2,30-08-2021,1,PLAN,OUTBOUND,35,EA,2Q2021,ERP,http://lighttree.com/CO-RD-R296
CO-RD-R296,LT-2,31-08-2021,1,PLAN,OUTBOUND,35,EA,2Q2021,ERP,http://lighttree.com/CO-RD-R296
CO-RD-I380,LT-2,01-08-2021,1,PLAN,OUTBOUND,35,EA,2Q2021,ERP,http://lighttree.com/CO-RD-I380
CO-RD-I380,LT-2,02-08-2021,1,PLAN,OUTBOUND,35,EA,2Q2021,ERP,http://lighttree.com/CO-RD-I380
CO-RD-I380,LT-2,03-08-2021,1,PLAN,OUTBOUND,35,EA,2Q2021,ERP,http://lighttree.com/CO-RD-I380
CO-RD-I380,LT-2,04-08-2021,1,PLAN,OUTBOUND,35,EA,2Q2021,ERP,http://lighttree.com/CO-RD-I380
CO-RD-I380,LT-2,05-08-2021,1,PLAN,OUTBOUND,35,EA,2Q2021,ERP,http://lighttree.com/CO-RD-I380
CO-RD-I380,LT-2,06-08-2021,1,PLAN,OUTBOUND,35,EA,2Q2021,ERP,http://lighttree.com/CO-RD-I380
CO-RD-I380,LT-2,07-08-2021,1,PLAN,OUTBOUND,35,EA,2Q2021,ERP,http://lighttree.com/CO-RD-I380
CO-RD-I380,LT-2,08-08-2021,1,PLAN,OUTBOUND,35,EA,2Q2021,ERP,http://lighttree.com/CO-RD-I380
CO-RD-I380,LT-2,09-08-2021,1,PLAN,OUTBOUND,35,EA,2Q2021,ERP,http://lighttree.com/CO-RD-I380
CO-RD-I380,LT-2,10-08-2021,1,PLAN,OUTBOUND,35,EA,2Q2021,ERP,http://lighttree.com/CO-RD-I380
CO-RD-I380,LT-2,11-08-2021,1,PLAN,OUTBOUND,35,EA,2Q2021,ERP,http://lighttree.com/CO-RD-I380
CO-RD-I380,LT-2,12-08-2021,1,PLAN,OUTBOUND,35,EA,2Q2021,ERP,http://lighttree.com/CO-RD-I380
CO-RD-I380,LT-2,13-08-2021,1,PLAN,OUTBOUND,35,EA,2Q2021,ERP,http://lighttree.com/CO-RD-I380
CO-RD-I380,LT-2,14-08-2021,1,PLAN,OUTBOUND,35,EA,2Q2021,ERP,http://lighttree.com/CO-RD-I380
CO-RD-I380,LT-2,15-08-2021,1,PLAN,OUTBOUND,35,EA,2Q2021,ERP,http://lighttree.com/CO-RD-I380
CO-RD-I380,LT-2,16-08-2021,1,PLAN,OUTBOUND,35,EA,2Q2021,ERP,http://lighttree.com/CO-RD-I380
CO-RD-I380,LT-2,17-08-2021,1,PLAN,OUTBOUND,35,EA,2Q2021,ERP,http://lighttree.com/CO-RD-I380
CO-RD-I380,LT-2,18-08-2021,1,PLAN,OUTBOUND,35,EA,2Q2021,ERP,http://lighttree.com/CO-RD-I380
CO-RD-I380,LT-2,19-08-2021,1,PLAN,OUTBOUND,35,EA,2Q2021,ERP,http://lighttree.com/CO-RD-I380
CO-RD-I380,LT-2,20-08-2021,1,PLAN,OUTBOUND,35,EA,2Q2021,ERP,http://lighttree.com/CO-RD-I380
CO-RD-I380,LT-2,21-08-2021,1,PLAN,OUTBOUND,35,EA,2Q2021,ERP,http://lighttree.com/CO-RD-I380
CO-RD-I380,LT-2,22-08-2021,1,PLAN,OUTBOUND,35,EA,2Q2021,ERP,http://lighttree.com/CO-RD-I380
CO-RD-I380,LT-2,23-08-2021,1,PLAN,OUTBOUND,35,EA,2Q2021,ERP,http://lighttree.com/CO-RD-I380
CO-RD-I380,LT-2,24-08-2021,1,PLAN,OUTBOUND,35,EA,2Q2021,ERP,http://lighttree.com/CO-RD-I380
CO-RD-I380,LT-2,25-08-2021,1,PLAN,OUTBOUND,35,EA,2Q2021,ERP,http://lighttree.com/CO-RD-I380
CO-RD-I380,LT-2,26-08-2021,1,PLAN,OUTBOUND,35,EA,2Q2021,ERP,http://lighttree.com/CO-RD-I380
CO-RD-I380,LT-2,27-08-2021,1,PLAN,OUTBOUND,35,EA,2Q2021,ERP,http://lighttree.com/CO-RD-I380
CO-RD-I380,LT-2,28-08-2021,1,PLAN,OUTBOUND,35,EA,2Q2021,ERP,http://lighttree.com/CO-RD-I380
CO-RD-I380,LT-2,29-08-2021,1,PLAN,OUTBOUND,35,EA,2Q2021,ERP,http://lighttree.com/CO-RD-I380
CO-RD-I380,LT-2,30-08-2021,1,PLAN,OUTBOUND,35,EA,2Q2021,ERP,http://lighttree.com/CO-RD-I380
CO-RD-I380,LT-2,31-08-2021,1,PLAN,OUTBOUND,35,EA,2Q2021,ERP,http://lighttree.com/CO-RD-I380
CO-DL-T316,LT-2,01-08-2021,1,PLAN,OUTBOUND,35,EA,2Q2021,ERP,http://lighttree.com/CO-DL-T316
CO-DL-T316,LT-2,02-08-2021,1,PLAN,OUTBOUND,35,EA,2Q2021,ERP,http://lighttree.com/CO-DL-T316
CO-DL-T316,LT-2,03-08-2021,1,PLAN,OUTBOUND,35,EA,2Q2021,ERP,http://lighttree.com/CO-DL-T316
CO-DL-T316,LT-2,04-08-2021,1,PLAN,OUTBOUND,35,EA,2Q2021,ERP,http://lighttree.com/CO-DL-T316
CO-DL-T316,LT-2,05-08-2021,1,PLAN,OUTBOUND,35,EA,2Q2021,ERP,http://lighttree.com/CO-DL-T316
CO-DL-T316,LT-2,06-08-2021,1,PLAN,OUTBOUND,35,EA,2Q2021,ERP,http://lighttree.com/CO-DL-T316
CO-DL-T316,LT-2,07-08-2021,1,PLAN,OUTBOUND,35,EA,2Q2021,ERP,http://lighttree.com/CO-DL-T316
CO-DL-T316,LT-2,08-08-2021,1,PLAN,OUTBOUND,35,EA,2Q2021,ERP,http://lighttree.com/CO-DL-T316
CO-DL-T316,LT-2,09-08-2021,1,PLAN,OUTBOUND,35,EA,2Q2021,ERP,http://lighttree.com/CO-DL-T316
CO-DL-T316,LT-2,10-08-2021,1,PLAN,OUTBOUND,35,EA,2Q2021,ERP,http://lighttree.com/CO-DL-T316
CO-DL-T316,LT-2,11-08-2021,1,PLAN,OUTBOUND,35,EA,2Q2021,ERP,http://lighttree.com/CO-DL-T316
CO-DL-T316,LT-2,12-08-2021,1,PLAN,OUTBOUND,35,EA,2Q2021,ERP,http://lighttree.com/CO-DL-T316
CO-DL-T316,LT-2,13-08-2021,1,PLAN,OUTBOUND,35,EA,2Q2021,ERP,http://lighttree.com/CO-DL-T316
CO-DL-T316,LT-2,14-08-2021,1,PLAN,OUTBOUND,35,EA,2Q2021,ERP,http://lighttree.com/CO-DL-T316
CO-DL-T316,LT-2,15-08-2021,1,PLAN,OUTBOUND,35,EA,2Q2021,ERP,http://lighttree.com/CO-DL-T316
CO-DL-T316,LT-2,16-08-2021,1,PLAN,OUTBOUND,35,EA,2Q2021,ERP,http://lighttree.com/CO-DL-T316
CO-DL-T316,LT-2,17-08-2021,1,PLAN,OUTBOUND,35,EA,2Q2021,ERP,http://lighttree.com/CO-DL-T316
CO-DL-T316,LT-2,18-08-2021,1,PLAN,OUTBOUND,35,EA,2Q2021,ERP,http://lighttree.com/CO-DL-T316
CO-DL-T316,LT-2,19-08-2021,1,PLAN,OUTBOUND,35,EA,2Q2021,ERP,http://lighttree.com/CO-DL-T316
CO-DL-T316,LT-2,20-08-2021,1,PLAN,OUTBOUND,35,EA,2Q2021,ERP,http://lighttree.com/CO-DL-T316
CO-DL-T316,LT-2,21-08-2021,1,PLAN,OUTBOUND,35,EA,2Q2021,ERP,http://lighttree.com/CO-DL-T316
CO-DL-T316,LT-2,22-08-2021,1,PLAN,OUTBOUND,35,EA,2Q2021,ERP,http://lighttree.com/CO-DL-T316
CO-DL-T316,LT-2,23-08-2021,1,PLAN,OUTBOUND,35,EA,2Q2021,ERP,http://lighttree.com/CO-DL-T316
CO-DL-T316,LT-2,24-08-2021,1,PLAN,OUTBOUND,35,EA,2Q2021,ERP,http://lighttree.com/CO-DL-T316
CO-DL-T316,LT-2,25-08-2021,1,PLAN,OUTBOUND,35,EA,2Q2021,ERP,http://lighttree.com/CO-DL-T316
CO-DL-T316,LT-2,26-08-2021,1,PLAN,OUTBOUND,35,EA,2Q2021,ERP,http://lighttree.com/CO-DL-T316
CO-DL-T316,LT-2,27-08-2021,1,PLAN,OUTBOUND,35,EA,2Q2021,ERP,http://lighttree.com/CO-DL-T316
CO-DL-T316,LT-2,28-08-2021,1,PLAN,OUTBOUND,35,EA,2Q2021,ERP,http://lighttree.com/CO-DL-T316
CO-DL-T316,LT-2,29-08-2021,1,PLAN,OUTBOUND,35,EA,2Q2021,ERP,http://lighttree.com/CO-DL-T316
CO-DL-T316,LT-2,30-08-2021,1,PLAN,OUTBOUND,35,EA,2Q2021,ERP,http://lighttree.com/CO-DL-T316
CO-DL-T316,LT-2,31-08-2021,1,PLAN,OUTBOUND,35,EA,2Q2021,ERP,http://lighttree.com/CO-DL-T316
CO-DL-A239,LT-2,01-08-2021,1,PLAN,OUTBOUND,35,EA,2Q2021,ERP,http://lighttree.com/CO-DL-A239
CO-DL-A239,LT-2,02-08-2021,1,PLAN,OUTBOUND,35,EA,2Q2021,ERP,http://lighttree.com/CO-DL-A239
CO-DL-A239,LT-2,03-08-2021,1,PLAN,OUTBOUND,35,EA,2Q2021,ERP,http://lighttree.com/CO-DL-A239
CO-DL-A239,LT-2,04-08-2021,1,PLAN,OUTBOUND,35,EA,2Q2021,ERP,http://lighttree.com/CO-DL-A239
CO-DL-A239,LT-2,05-08-2021,1,PLAN,OUTBOUND,35,EA,2Q2021,ERP,http://lighttree.com/CO-DL-A239
CO-DL-A239,LT-2,06-08-2021,1,PLAN,OUTBOUND,35,EA,2Q2021,ERP,http://lighttree.com/CO-DL-A239
CO-DL-A239,LT-2,07-08-2021,1,PLAN,OUTBOUND,35,EA,2Q2021,ERP,http://lighttree.com/CO-DL-A239
CO-DL-A239,LT-2,08-08-2021,1,PLAN,OUTBOUND,35,EA,2Q2021,ERP,http://lighttree.com/CO-DL-A239
CO-DL-A239,LT-2,09-08-2021,1,PLAN,OUTBOUND,35,EA,2Q2021,ERP,http://lighttree.com/CO-DL-A239
CO-DL-A239,LT-2,10-08-2021,1,PLAN,OUTBOUND,35,EA,2Q2021,ERP,http://lighttree.com/CO-DL-A239
CO-DL-A239,LT-2,11-08-2021,1,PLAN,OUTBOUND,35,EA,2Q2021,ERP,http://lighttree.com/CO-DL-A239
CO-DL-A239,LT-2,12-08-2021,1,PLAN,OUTBOUND,35,EA,2Q2021,ERP,http://lighttree.com/CO-DL-A239
CO-DL-A239,LT-2,13-08-2021,1,PLAN,OUTBOUND,35,EA,2Q2021,ERP,http://lighttree.com/CO-DL-A239
CO-DL-A239,LT-2,14-08-2021,1,PLAN,OUTBOUND,35,EA,2Q2021,ERP,http://lighttree.com/CO-DL-A239
CO-DL-A239,LT-2,15-08-2021,1,PLAN,OUTBOUND,35,EA,2Q2021,ERP,http://lighttree.com/CO-DL-A239
CO-DL-A239,LT-2,16-08-2021,1,PLAN,OUTBOUND,35,EA,2Q2021,ERP,http://lighttree.com/CO-DL-A239
CO-DL-A239,LT-2,17-08-2021,1,PLAN,OUTBOUND,35,EA,2Q2021,ERP,http://lighttree.com/CO-DL-A239
CO-DL-A239,LT-2,18-08-2021,1,PLAN,OUTBOUND,35,EA,2Q2021,ERP,http://lighttree.com/CO-DL-A239
CO-DL-A239,LT-2,19-08-2021,1,PLAN,OUTBOUND,35,EA,2Q2021,ERP,http://lighttree.com/CO-DL-A239
CO-DL-A239,LT-2,20-08-2021,1,PLAN,OUTBOUND,35,EA,2Q2021,ERP,http://lighttree.com/CO-DL-A239
CO-DL-A239,LT-2,21-08-2021,1,PLAN,OUTBOUND,35,EA,2Q2021,ERP,http://lighttree.com/CO-DL-A239
CO-DL-A239,LT-2,22-08-2021,1,PLAN,OUTBOUND,35,EA,2Q2021,ERP,http://lighttree.com/CO-DL-A239
CO-DL-A239,LT-2,23-08-2021,1,PLAN,OUTBOUND,35,EA,2Q2021,ERP,http://lighttree.com/CO-DL-A239
CO-DL-A239,LT-2,24-08-2021,1,PLAN,OUTBOUND,35,EA,2Q2021,ERP,http://lighttree.com/CO-DL-A239
CO-DL-A239,LT-2,25-08-2021,1,PLAN,OUTBOUND,35,EA,2Q2021,ERP,http://lighttree.com/CO-DL-A239
CO-DL-A239,LT-2,26-08-2021,1,PLAN,OUTBOUND,35,EA,2Q2021,ERP,http://lighttree.com/CO-DL-A239
CO-DL-A239,LT-2,27-08-2021,1,PLAN,OUTBOUND,35,EA,2Q2021,ERP,http://lighttree.com/CO-DL-A239
CO-DL-A239,LT-2,28-08-2021,1,PLAN,OUTBOUND,35,EA,2Q2021,ERP,http://lighttree.com/CO-DL-A239
CO-DL-A239,LT-2,29-08-2021,1,PLAN,OUTBOUND,35,EA,2Q2021,ERP,http://lighttree.com/CO-DL-A239
CO-DL-A239,LT-2,30-08-2021,1,PLAN,OUTBOUND,35,EA,2Q2021,ERP,http://lighttree.com/CO-DL-A239
CO-DL-A239,LT-2,31-08-2021,1,PLAN,OUTBOUND,35,EA,2Q2021,ERP,http://lighttree.com/CO-DL-A239
CO-DL-A230,LT-2,01-08-2021,1,PLAN,OUTBOUND,35,EA,2Q2021,ERP,http://lighttree.com/CO-DL-A230
CO-DL-A230,LT-2,02-08-2021,1,PLAN,OUTBOUND,35,EA,2Q2021,ERP,http://lighttree.com/CO-DL-A230
CO-DL-A230,LT-2,03-08-2021,1,PLAN,OUTBOUND,35,EA,2Q2021,ERP,http://lighttree.com/CO-DL-A230
CO-DL-A230,LT-2,04-08-2021,1,PLAN,OUTBOUND,35,EA,2Q2021,ERP,http://lighttree.com/CO-DL-A230
CO-DL-A230,LT-2,05-08-2021,1,PLAN,OUTBOUND,35,EA,2Q2021,ERP,http://lighttree.com/CO-DL-A230
CO-DL-A230,LT-2,06-08-2021,1,PLAN,OUTBOUND,35,EA,2Q2021,ERP,http://lighttree.com/CO-DL-A230
CO-DL-A230,LT-2,07-08-2021,1,PLAN,OUTBOUND,35,EA,2Q2021,ERP,http://lighttree.com/CO-DL-A230
CO-DL-A230,LT-2,08-08-2021,1,PLAN,OUTBOUND,35,EA,2Q2021,ERP,http://lighttree.com/CO-DL-A230
CO-DL-A230,LT-2,09-08-2021,1,PLAN,OUTBOUND,35,EA,2Q2021,ERP,http://lighttree.com/CO-DL-A230
CO-DL-A230,LT-2,10-08-2021,1,PLAN,OUTBOUND,35,EA,2Q2021,ERP,http://lighttree.com/CO-DL-A230
CO-DL-A230,LT-2,11-08-2021,1,PLAN,OUTBOUND,35,EA,2Q2021,ERP,http://lighttree.com/CO-DL-A230
CO-DL-A230,LT-2,12-08-2021,1,PLAN,OUTBOUND,35,EA,2Q2021,ERP,http://lighttree.com/CO-DL-A230
CO-DL-A230,LT-2,13-08-2021,1,PLAN,OUTBOUND,35,EA,2Q2021,ERP,http://lighttree.com/CO-DL-A230
CO-DL-A230,LT-2,14-08-2021,1,PLAN,OUTBOUND,35,EA,2Q2021,ERP,http://lighttree.com/CO-DL-A230
CO-DL-A230,LT-2,15-08-2021,1,PLAN,OUTBOUND,35,EA,2Q2021,ERP,http://lighttree.com/CO-DL-A230
CO-DL-A230,LT-2,16-08-2021,1,PLAN,OUTBOUND,35,EA,2Q2021,ERP,http://lighttree.com/CO-DL-A230
CO-DL-A230,LT-2,17-08-2021,1,PLAN,OUTBOUND,35,EA,2Q2021,ERP,http://lighttree.com/CO-DL-A230
CO-DL-A230,LT-2,18-08-2021,1,PLAN,OUTBOUND,35,EA,2Q2021,ERP,http://lighttree.com/CO-DL-A230
CO-DL-A230,LT-2,19-08-2021,1,PLAN,OUTBOUND,35,EA,2Q2021,ERP,http://lighttree.com/CO-DL-A230
CO-DL-A230,LT-2,20-08-2021,1,PLAN,OUTBOUND,35,EA,2Q2021,ERP,http://lighttree.com/CO-DL-A230
CO-DL-A230,LT-2,21-08-2021,1,PLAN,OUTBOUND,35,EA,2Q2021,ERP,http://lighttree.com/CO-DL-A230
CO-DL-A230,LT-2,22-08-2021,1,PLAN,OUTBOUND,35,EA,2Q2021,ERP,http://lighttree.com/CO-DL-A230
CO-DL-A230,LT-2,23-08-2021,1,PLAN,OUTBOUND,35,EA,2Q2021,ERP,http://lighttree.com/CO-DL-A230
CO-DL-A230,LT-2,24-08-2021,1,PLAN,OUTBOUND,35,EA,2Q2021,ERP,http://lighttree.com/CO-DL-A230
CO-DL-A230,LT-2,25-08-2021,1,PLAN,OUTBOUND,35,EA,2Q2021,ERP,http://lighttree.com/CO-DL-A230
CO-DL-A230,LT-2,26-08-2021,1,PLAN,OUTBOUND,35,EA,2Q2021,ERP,http://lighttree.com/CO-DL-A230
CO-DL-A230,LT-2,27-08-2021,1,PLAN,OUTBOUND,35,EA,2Q2021,ERP,http://lighttree.com/CO-DL-A230
CO-DL-A230,LT-2,28-08-2021,1,PLAN,OUTBOUND,35,EA,2Q2021,ERP,http://lighttree.com/CO-DL-A230
CO-DL-A230,LT-2,29-08-2021,1,PLAN,OUTBOUND,35,EA,2Q2021,ERP,http://lighttree.com/CO-DL-A230
CO-DL-A230,LT-2,30-08-2021,1,PLAN,OUTBOUND,35,EA,2Q2021,ERP,http://lighttree.com/CO-DL-A230
CO-DL-A230,LT-2,31-08-2021,1,PLAN,OUTBOUND,35,EA,2Q2021,ERP,http://lighttree.com/CO-DL-A230
CO-CO-M328,LT-2,01-08-2021,1,PLAN,OUTBOUND,35,EA,2Q2021,ERP,http://lighttree.com/CO-CO-M328
CO-CO-M328,LT-2,02-08-2021,1,PLAN,OUTBOUND,35,EA,2Q2021,ERP,http://lighttree.com/CO-CO-M328
CO-CO-M328,LT-2,03-08-2021,1,PLAN,OUTBOUND,35,EA,2Q2021,ERP,http://lighttree.com/CO-CO-M328
CO-CO-M328,LT-2,04-08-2021,1,PLAN,OUTBOUND,35,EA,2Q2021,ERP,http://lighttree.com/CO-CO-M328
CO-CO-M328,LT-2,05-08-2021,1,PLAN,OUTBOUND,35,EA,2Q2021,ERP,http://lighttree.com/CO-CO-M328
CO-CO-M328,LT-2,06-08-2021,1,PLAN,OUTBOUND,35,EA,2Q2021,ERP,http://lighttree.com/CO-CO-M328
CO-CO-M328,LT-2,07-08-2021,1,PLAN,OUTBOUND,35,EA,2Q2021,ERP,http://lighttree.com/CO-CO-M328
CO-CO-M328,LT-2,08-08-2021,1,PLAN,OUTBOUND,35,EA,2Q2021,ERP,http://lighttree.com/CO-CO-M328
CO-CO-M328,LT-2,09-08-2021,1,PLAN,OUTBOUND,35,EA,2Q2021,ERP,http://lighttree.com/CO-CO-M328
CO-CO-M328,LT-2,10-08-2021,1,PLAN,OUTBOUND,35,EA,2Q2021,ERP,http://lighttree.com/CO-CO-M328
CO-CO-M328,LT-2,11-08-2021,1,PLAN,OUTBOUND,35,EA,2Q2021,ERP,http://lighttree.com/CO-CO-M328
CO-CO-M328,LT-2,12-08-2021,1,PLAN,OUTBOUND,35,EA,2Q2021,ERP,http://lighttree.com/CO-CO-M328
CO-CO-M328,LT-2,13-08-2021,1,PLAN,OUTBOUND,35,EA,2Q2021,ERP,http://lighttree.com/CO-CO-M328
CO-CO-M328,LT-2,14-08-2021,1,PLAN,OUTBOUND,35,EA,2Q2021,ERP,http://lighttree.com/CO-CO-M328
CO-CO-M328,LT-2,15-08-2021,1,PLAN,OUTBOUND,35,EA,2Q2021,ERP,http://lighttree.com/CO-CO-M328
CO-CO-M328,LT-2,16-08-2021,1,PLAN,OUTBOUND,35,EA,2Q2021,ERP,http://lighttree.com/CO-CO-M328
CO-CO-M328,LT-2,17-08-2021,1,PLAN,OUTBOUND,35,EA,2Q2021,ERP,http://lighttree.com/CO-CO-M328
CO-CO-M328,LT-2,18-08-2021,1,PLAN,OUTBOUND,35,EA,2Q2021,ERP,http://lighttree.com/CO-CO-M328
CO-CO-M328,LT-2,19-08-2021,1,PLAN,OUTBOUND,35,EA,2Q2021,ERP,http://lighttree.com/CO-CO-M328
CO-CO-M328,LT-2,20-08-2021,1,PLAN,OUTBOUND,35,EA,2Q2021,ERP,http://lighttree.com/CO-CO-M328
CO-CO-M328,LT-2,21-08-2021,1,PLAN,OUTBOUND,35,EA,2Q2021,ERP,http://lighttree.com/CO-CO-M328
CO-CO-M328,LT-2,22-08-2021,1,PLAN,OUTBOUND,35,EA,2Q2021,ERP,http://lighttree.com/CO-CO-M328
CO-CO-M328,LT-2,23-08-2021,1,PLAN,OUTBOUND,35,EA,2Q2021,ERP,http://lighttree.com/CO-CO-M328
CO-CO-M328,LT-2,24-08-2021,1,PLAN,OUTBOUND,35,EA,2Q2021,ERP,http://lighttree.com/CO-CO-M328
CO-CO-M328,LT-2,25-08-2021,1,PLAN,OUTBOUND,35,EA,2Q2021,ERP,http://lighttree.com/CO-CO-M328
CO-CO-M328,LT-2,26-08-2021,1,PLAN,OUTBOUND,35,EA,2Q2021,ERP,http://lighttree.com/CO-CO-M328
CO-CO-M328,LT-2,27-08-2021,1,PLAN,OUTBOUND,35,EA,2Q2021,ERP,http://lighttree.com/CO-CO-M328
CO-CO-M328,LT-2,28-08-2021,1,PLAN,OUTBOUND,35,EA,2Q2021,ERP,http://lighttree.com/CO-CO-M328
CO-CO-M328,LT-2,29-08-2021,1,PLAN,OUTBOUND,35,EA,2Q2021,ERP,http://lighttree.com/CO-CO-M328
CO-CO-M328,LT-2,30-08-2021,1,PLAN,OUTBOUND,35,EA,2Q2021,ERP,http://lighttree.com/CO-CO-M328
CO-CO-M328,LT-2,31-08-2021,1,PLAN,OUTBOUND,35,EA,2Q2021,ERP,http://lighttree.com/CO-CO-M328
CO-AM-S393,LT-2,01-08-2021,1,PLAN,OUTBOUND,35,EA,2Q2021,ERP,http://lighttree.com/CO-AM-S393
CO-AM-S393,LT-2,02-08-2021,1,PLAN,OUTBOUND,35,EA,2Q2021,ERP,http://lighttree.com/CO-AM-S393
CO-AM-S393,LT-2,03-08-2021,1,PLAN,OUTBOUND,35,EA,2Q2021,ERP,http://lighttree.com/CO-AM-S393
CO-AM-S393,LT-2,04-08-2021,1,PLAN,OUTBOUND,35,EA,2Q2021,ERP,http://lighttree.com/CO-AM-S393
CO-AM-S393,LT-2,05-08-2021,1,PLAN,OUTBOUND,35,EA,2Q2021,ERP,http://lighttree.com/CO-AM-S393
CO-AM-S393,LT-2,06-08-2021,1,PLAN,OUTBOUND,35,EA,2Q2021,ERP,http://lighttree.com/CO-AM-S393
CO-AM-S393,LT-2,07-08-2021,1,PLAN,OUTBOUND,35,EA,2Q2021,ERP,http://lighttree.com/CO-AM-S393
CO-AM-S393,LT-2,08-08-2021,1,PLAN,OUTBOUND,35,EA,2Q2021,ERP,http://lighttree.com/CO-AM-S393
CO-AM-S393,LT-2,09-08-2021,1,PLAN,OUTBOUND,35,EA,2Q2021,ERP,http://lighttree.com/CO-AM-S393
CO-AM-S393,LT-2,10-08-2021,1,PLAN,OUTBOUND,35,EA,2Q2021,ERP,http://lighttree.com/CO-AM-S393
CO-AM-S393,LT-2,11-08-2021,1,PLAN,OUTBOUND,35,EA,2Q2021,ERP,http://lighttree.com/CO-AM-S393
CO-AM-S393,LT-2,12-08-2021,1,PLAN,OUTBOUND,35,EA,2Q2021,ERP,http://lighttree.com/CO-AM-S393
CO-AM-S393,LT-2,13-08-2021,1,PLAN,OUTBOUND,35,EA,2Q2021,ERP,http://lighttree.com/CO-AM-S393
CO-AM-S393,LT-2,14-08-2021,1,PLAN,OUTBOUND,35,EA,2Q2021,ERP,http://lighttree.com/CO-AM-S393
CO-AM-S393,LT-2,15-08-2021,1,PLAN,OUTBOUND,35,EA,2Q2021,ERP,http://lighttree.com/CO-AM-S393
CO-AM-S393,LT-2,16-08-2021,1,PLAN,OUTBOUND,35,EA,2Q2021,ERP,http://lighttree.com/CO-AM-S393
CO-AM-S393,LT-2,17-08-2021,1,PLAN,OUTBOUND,35,EA,2Q2021,ERP,http://lighttree.com/CO-AM-S393
CO-AM-S393,LT-2,18-08-2021,1,PLAN,OUTBOUND,35,EA,2Q2021,ERP,http://lighttree.com/CO-AM-S393
CO-AM-S393,LT-2,19-08-2021,1,PLAN,OUTBOUND,35,EA,2Q2021,ERP,http://lighttree.com/CO-AM-S393
CO-AM-S393,LT-2,20-08-2021,1,PLAN,OUTBOUND,35,EA,2Q2021,ERP,http://lighttree.com/CO-AM-S393
CO-AM-S393,LT-2,21-08-2021,1,PLAN,OUTBOUND,35,EA,2Q2021,ERP,http://lighttree.com/CO-AM-S393
CO-AM-S393,LT-2,22-08-2021,1,PLAN,OUTBOUND,35,EA,2Q2021,ERP,http://lighttree.com/CO-AM-S393
CO-AM-S393,LT-2,23-08-2021,1,PLAN,OUTBOUND,35,EA,2Q2021,ERP,http://lighttree.com/CO-AM-S393
CO-AM-S393,LT-2,24-08-2021,1,PLAN,OUTBOUND,35,EA,2Q2021,ERP,http://lighttree.com/CO-AM-S393
CO-AM-S393,LT-2,25-08-2021,1,PLAN,OUTBOUND,35,EA,2Q2021,ERP,http://lighttree.com/CO-AM-S393
CO-AM-S393,LT-2,26-08-2021,1,PLAN,OUTBOUND,35,EA,2Q2021,ERP,http://lighttree.com/CO-AM-S393
CO-AM-S393,LT-2,27-08-2021,1,PLAN,OUTBOUND,35,EA,2Q2021,ERP,http://lighttree.com/CO-AM-S393
CO-AM-S393,LT-2,28-08-2021,1,PLAN,OUTBOUND,35,EA,2Q2021,ERP,http://lighttree.com/CO-AM-S393
CO-AM-S393,LT-2,29-08-2021,1,PLAN,OUTBOUND,35,EA,2Q2021,ERP,http://lighttree.com/CO-AM-S393
CO-AM-S393,LT-2,30-08-2021,1,PLAN,OUTBOUND,35,EA,2Q2021,ERP,http://lighttree.com/CO-AM-S393
CO-AM-S393,LT-2,31-08-2021,1,PLAN,OUTBOUND,35,EA,2Q2021,ERP,http://lighttree.com/CO-AM-S393
CO-AM-S185,LT-2,01-08-2021,1,PLAN,OUTBOUND,35,EA,2Q2021,ERP,http://lighttree.com/CO-AM-S185
CO-AM-S185,LT-2,02-08-2021,1,PLAN,OUTBOUND,35,EA,2Q2021,ERP,http://lighttree.com/CO-AM-S185
CO-AM-S185,LT-2,03-08-2021,1,PLAN,OUTBOUND,35,EA,2Q2021,ERP,http://lighttree.com/CO-AM-S185
CO-AM-S185,LT-2,04-08-2021,1,PLAN,OUTBOUND,35,EA,2Q2021,ERP,http://lighttree.com/CO-AM-S185
CO-AM-S185,LT-2,05-08-2021,1,PLAN,OUTBOUND,35,EA,2Q2021,ERP,http://lighttree.com/CO-AM-S185
CO-AM-S185,LT-2,06-08-2021,1,PLAN,OUTBOUND,35,EA,2Q2021,ERP,http://lighttree.com/CO-AM-S185
CO-AM-S185,LT-2,07-08-2021,1,PLAN,OUTBOUND,35,EA,2Q2021,ERP,http://lighttree.com/CO-AM-S185
CO-AM-S185,LT-2,08-08-2021,1,PLAN,OUTBOUND,35,EA,2Q2021,ERP,http://lighttree.com/CO-AM-S185
CO-AM-S185,LT-2,09-08-2021,1,PLAN,OUTBOUND,35,EA,2Q2021,ERP,http://lighttree.com/CO-AM-S185
CO-AM-S185,LT-2,10-08-2021,1,PLAN,OUTBOUND,35,EA,2Q2021,ERP,http://lighttree.com/CO-AM-S185
CO-AM-S185,LT-2,11-08-2021,1,PLAN,OUTBOUND,35,EA,2Q2021,ERP,http://lighttree.com/CO-AM-S185
CO-AM-S185,LT-2,12-08-2021,1,PLAN,OUTBOUND,35,EA,2Q2021,ERP,http://lighttree.com/CO-AM-S185
CO-AM-S185,LT-2,13-08-2021,1,PLAN,OUTBOUND,35,EA,2Q2021,ERP,http://lighttree.com/CO-AM-S185
CO-AM-S185,LT-2,14-08-2021,1,PLAN,OUTBOUND,35,EA,2Q2021,ERP,http://lighttree.com/CO-AM-S185
CO-AM-S185,LT-2,15-08-2021,1,PLAN,OUTBOUND,35,EA,2Q2021,ERP,http://lighttree.com/CO-AM-S185
CO-AM-S185,LT-2,16-08-2021,1,PLAN,OUTBOUND,35,EA,2Q2021,ERP,http://lighttree.com/CO-AM-S185
CO-AM-S185,LT-2,17-08-2021,1,PLAN,OUTBOUND,35,EA,2Q2021,ERP,http://lighttree.com/CO-AM-S185
CO-AM-S185,LT-2,18-08-2021,1,PLAN,OUTBOUND,35,EA,2Q2021,ERP,http://lighttree.com/CO-AM-S185
CO-AM-S185,LT-2,19-08-2021,1,PLAN,OUTBOUND,35,EA,2Q2021,ERP,http://lighttree.com/CO-AM-S185
CO-AM-S185,LT-2,20-08-2021,1,PLAN,OUTBOUND,35,EA,2Q2021,ERP,http://lighttree.com/CO-AM-S185
CO-AM-S185,LT-2,21-08-2021,1,PLAN,OUTBOUND,35,EA,2Q2021,ERP,http://lighttree.com/CO-AM-S185
CO-AM-S185,LT-2,22-08-2021,1,PLAN,OUTBOUND,35,EA,2Q2021,ERP,http://lighttree.com/CO-AM-S185
CO-AM-S185,LT-2,23-08-2021,1,PLAN,OUTBOUND,35,EA,2Q2021,ERP,http://lighttree.com/CO-AM-S185
CO-AM-S185,LT-2,24-08-2021,1,PLAN,OUTBOUND,35,EA,2Q2021,ERP,http://lighttree.com/CO-AM-S185
CO-AM-S185,LT-2,25-08-2021,1,PLAN,OUTBOUND,35,EA,2Q2021,ERP,http://lighttree.com/CO-AM-S185
CO-AM-S185,LT-2,26-08-2021,1,PLAN,OUTBOUND,35,EA,2Q2021,ERP,http://lighttree.com/CO-AM-S185
CO-AM-S185,LT-2,27-08-2021,1,PLAN,OUTBOUND,35,EA,2Q2021,ERP,http://lighttree.com/CO-AM-S185
CO-AM-S185,LT-2,28-08-2021,1,PLAN,OUTBOUND,35,EA,2Q2021,ERP,http://lighttree.com/CO-AM-S185
CO-AM-S185,LT-2,29-08-2021,1,PLAN,OUTBOUND,35,EA,2Q2021,ERP,http://lighttree.com/CO-AM-S185
CO-AM-S185,LT-2,30-08-2021,1,PLAN,OUTBOUND,35,EA,2Q2021,ERP,http://lighttree.com/CO-AM-S185
CO-AM-S185,LT-2,31-08-2021,1,PLAN,OUTBOUND,35,EA,2Q2021,ERP,http://lighttree.com/CO-AM-S185
